id,name,teacher,day,slots,credit,isBase,isLang,CourseNumber,program,isSmr
1151001,法律倫理,姜世明,6,7|8|E,1,True,False,961075005,法碩專班,True
1151002,兩岸經貿法制與實務專題研究（二）,王文杰、劉德勳,4,F|G|H,2,False,False,961080005,法碩專班,True
1151003,歐盟法專題研究,許耀明,3,F|G|H,2,False,False,961164005,法碩專班,True
1151004,法律與正義,江玉林,7,2|3|4,2,False,False,961198005,法碩專班,True
1151005,公司治理專題研究（四）,周振鋒,6,2|3|4|D|5|6,2,False,False,961219005,法碩專班,True
1151006,公平交易法原理與案例分析,王立達,5,F|G|H,1,False,False,961222005,法碩專班,True
1151007,財經刑法專題研究,李聖傑,2,F|G|H,2,False,False,961233005,法碩專班,True
1151008,抵押權相關判決導讀,吳瑾瑜,7,5|6|7,1,False,False,961234005,法碩專班,True
1151009,國際商務糾紛解決,顏玉明,1,F|G|H,2,False,False,961236005,法碩專班,True
1151010,民事訴訟法,姜世明,6,D|5|6,3,True,False,961006001,法碩專班,False
1151011,刑法總則,黃士軒,6,2|3|4,3,True,False,961011001,法碩專班,False
1151012,民法總則,周伯峰、張韻琪,5,F|G|H,3,True,False,961012001,法碩專班,False
1151013,憲法,廖元豪、劉定基,6,D|5|6,3,True,False,961013001,法碩專班,False
1151014,民法債編各論,王千維、呂彥彬,6,2|3|4,3,True,False,961015001,法碩專班,False
1151015,侵權行為法專題研究,葉啓洲,2,F|G|H,3,False,False,961041001,法碩專班,False
1151016,公司法,周振鋒,5,F|G|H,3,True,False,961042001,法碩專班,False
1151017,家事事件法,姜世明,6,7|8|E,3,False,False,961049001,法碩專班,False
1151018,國際法專題研究,許耀明、陳貞如,3,F|G|H,3,False,False,961056001,法碩專班,False
1151019,勞動法,林佳和,1,F|G|H,3,False,False,961060001,法碩專班,False
1151020,爭議案件與法律解釋方法,江玉林,6,2|3|4,3,False,False,961079001,法碩專班,False
1151021,歐美比較智慧財產權法專題研究,沈宗倫、陳龍昇,4,F|G|H,3,False,False,961119001,法碩專班,False
1151022,公私協力法,詹鎮榮,1,F|G|H,3,False,False,961121001,法碩專班,False
1151023,中國大陸投資法律制度與實務（一）,王文杰、朱潤逢,4,F|G|H,3,False,False,961150001,法碩專班,False
1151024,行政救濟法,吳秦雯,6,D|5|6,3,False,False,961193001,法碩專班,False
1151025,數位平台與線上服務法律專題研究,王立達,3,F|G|H,3,False,False,961232001,法碩專班,False
1151026,保險法專題研究（二）,葉啓洲,0,,2,False,False,961235001,法碩專班,False
1151101,智慧財產權法專題研究（二）,陳龍昇,3,7|8,2,False,False,651011001,法律系碩士班,False
1151102,保險法專題研究（三）,葉啓洲,1,D|5,2,False,False,651056001,法律系碩士班,False
1151103,智慧財產權法專題研究（三）,沈宗倫,2,5|6,2,False,False,651062001,法律系碩士班,False
1151104,財產法專題研究（七）,周伯峰,4,3|4,2,False,False,651079001,法律系碩士班,False
1151105,財產法專題研究（八）,向明恩,3,5|6,2,False,False,651083001,法律系碩士班,False
1151106,侵權行為法專題研究（一）,王千維,2,3|4,2,False,False,651098001,法律系碩士班,False
1151107,民事訴訟法專題研究（二）,姜世明,1,5|6,2,False,False,651126001,法律系碩士班,False
1151108,公司法專題研究（二）,周振鋒,1,5|6,2,False,False,651157001,法律系碩士班,False
1151109,中國法律思想史專題研究（二）,黃源盛,2,3|4,2,False,False,651160001,法律系碩士班,False
1151110,日文法學名著選讀（二）,張韻琪,5,5|6|7,3,False,True,651171001,法律系碩士班,False
1151111,公司法專題研究（六）,劉連煜,1,7|8,2,False,False,651181001,法律系碩士班,False
1151112,刑事訴訟法專題研究（二）,楊雲驊,2,5|6,2,False,False,651239001,法律系碩士班,False
1151113,社會法專題研究（二）,孫迺翊,2,3|4,2,False,False,651247001,法律系碩士班,False
1151114,國際公法專題研究（三）,陳貞如,5,6|7,2,False,False,651277001,法律系碩士班,False
1151115,勞動契約法專題研究（二）,林佳和,4,3|4,2,False,False,651370001,法律系碩士班,False
1151116,憲法專題研究（七）,廖元豪,2,5|6,2,False,False,651390001,法律系碩士班,False
1151117,法社會學專題研究（三）,王曉丹,1,D|5|6,3,False,False,651402001,法律系碩士班,False
1151118,民事實務專題研究（一）,許政賢,1,5|6,2,False,False,651467001,法律系碩士班,False
1151119,海洋法專題研究（一）,陳貞如,4,D|5,2,False,False,651471001,法律系碩士班,False
1151120,國際智慧財產權法專題研究（一）,沈宗倫,2,3|4,2,False,False,651475001,法律系碩士班,False
1151121,比較行政法專題研究（一）,吳秦雯,1,5|6,2,False,False,651476001,法律系碩士班,False
1151122,營業秘密：法律與管理,馮震宇,3,5,1,False,False,651603001,法律系碩士班,False
1151123,公司法案例研習（三）,朱德芳,5,C,1,False,False,651650001,法律系碩士班,False
1151124,公司法案例研習（二）,周振鋒,5,C,1,False,False,651696001,法律系碩士班,False
1151125,歐盟經貿法,洪德欽,2,3|4,2,False,False,651706001,法律系碩士班,False
1151126,公司法案例研習（一）,陳盈如,5,7,1,False,False,651717001,法律系碩士班,False
1151127,國際人權法,翁燕菁,4,D|5|6,3,False,False,651731001,法律系碩士班,False
1151128,中國大陸公司法研究（三）,王文杰,3,3|4,2,False,False,651836001,法律系碩士班,False
1151129,國際租稅法,鍾騏,4,2|3|4,3,False,False,651A14001,法律系碩士班,False
1151130,檢察實務研究（一）,黃謀信,2,7|8,2,False,False,651A18001,法律系碩士班,False
1151131,財經法綜合研習,朱德芳、程春益,1,7|8,2,False,False,651A28001,法律系碩士班,False
1151132,律師實務（一）,范瑞華,3,7|8,2,False,False,651A55001,法律系碩士班,False
1151133,AI與倫理,陳柏良,3,2|3|4,3,False,False,651A59001,法律系碩士班,False
1151134,法學整合研究與論文研討（二）,王立達,5,7,1,False,False,651B23001,法律系碩士班,False
1151135,法學方法與民事審判實務,魏大喨,4,7|8,2,False,False,651B47001,法律系碩士班,False
1151136,要件事實與民事訴訟,邱琦,2,7|8,2,False,False,651B85001,法律系碩士班,False
1151137,英國契約法導論,陳明渝,0,,1,False,True,651B86001,法律系碩士班,False
1151138,刑法基礎理論與思想專題研究（二）,廖宜寧,4,D|5|6,3,False,False,651C06001,法律系碩士班,False
1151139,近代民法史專題研究（二）,黃琴唐,3,5|6|7,3,False,False,651C07001,法律系碩士班,False
1151140,數位治理專題：線上服務、平台管制與科技規範,王立達,3,3|4,2,False,False,651C08001,法律系碩士班,False
1151141,產業與競爭法專題研究,王立達,4,5|6|7,3,False,False,651C09001,法律系碩士班,False
1151142,醫事刑法專題研究,李聖傑,4,D|5|6,3,False,False,651C10001,法律系碩士班,False
1151143,民法中心公益服務學習,周伯峰,2,C,1,False,False,651C11001,法律系碩士班,False
1151144,全球金融科技監理,臧正運,0,,1,False,False,651C12001,法律系碩士班,False
1151145,工程法論文專題研討（二）,顏玉明,3,7|8,2,False,False,651C14001,法律系碩士班,False
1151146,勞動法學專題研究,吳姿慧,5,5|6|7,3,False,False,651C15001,法律系碩士班,False
1151147,人工智慧與隱私,蕭郁溏,1,D|5|6,3,False,False,651C16001,法律系碩士班,False
1151148,比較勞動法與政策（二）,吳姿慧,4,3|4,2,False,False,651C17001,法律系碩士班,False
1151149,人工智慧法律與政策,蕭郁溏,5,2|3|4,3,False,False,651C18001,法律系碩士班,False
1151150,刑法與社會專題研究（一）,黃士軒,5,3|4,2,False,False,651C19001,法律系碩士班,False
1151151,台灣法律導論,詹森林、劉定基,2,5|6,2,False,False,651C20001,法律系碩士班,False
1151201,企業併購實例研習（二）,朱德芳、林進富、樓永堅,5,5|6|7,3,False,False,652075001,法科所,False
1151202,營建工程法律專題研究（三）,顏玉明,3,5|6,2,False,False,652093001,法科所,False
1151203,憲法,詹鎮榮,3,5|6|7,3,True,False,652098001,法科所,False
1151204,法學導論,劉定基,1,6|7,2,True,False,652120001,法科所,False
1151205,金融與法律（二）,詹庭禎,1,7|8,2,False,False,652144001,法科所,False
1151206,勞動法,張義德,4,5|6|7,3,False,False,652151001,法科所,False
1151207,法律倫理,劉宏恩,4,5|6,2,False,False,652155001,法科所,False
1151208,法律倫理,姜世明,4,C|D,2,False,False,652155011,法科所,False
1151209,法律服務,呂彥彬,2,C,1,False,False,652160001,法科所,False
1151210,票據法,顏玉明,2,5|6,2,False,False,652167001,法科所,False
1151211,票據法,林國彬,4,3|4,2,False,False,652167011,法科所,False
1151212,智慧財產權法總論,沈宗倫,5,5|6,2,False,False,652168001,法科所,False
1151213,公法綜合研習,詹鎮榮,3,3|4,2,False,False,652173001,法科所,False
1151214,商事法總論與公司法,陳盈如,5,D|5|6,3,False,False,652174001,法科所,False
1151215,商事法總論與公司法,周振鋒,5,2|3|4,3,False,False,652174011,法科所,False
1151216,商事法總論與公司法,朱德芳,5,2|3|4,3,False,False,652174021,法科所,False
1151217,非訟程序,姜世明,4,8|E,2,False,False,652175001,法科所,False
1151218,民事法綜合研習,呂彥彬,1,7|8,2,False,False,652178001,法科所,False
1151219,傳播與法律（一）,謝國廉,1,D|5|6|7,2,False,False,652190001,法科所,False
1151220,臨終死亡的倫理與法律議題（一）,劉宏恩,3,7|8|E,3,False,False,652192001,法科所,False
1151221,基礎刑法,李聖傑,3,2|3|4,3,True,False,652193001,法科所,False
1151222,專利法,陳龍昇,3,5|6,2,False,False,652197001,法科所,False
1151223,會計實務與法律專題研究（一）,朱德芳、馬秀如、詹聰哲,3,E|F|G,2,False,False,652199001,法科所,False
1151224,國際海洋法,陳貞如,5,D|5,2,False,False,652200001,法科所,False
1151225,法社會學,王曉丹,2,7|8|E,3,False,False,652210001,法科所,False
1151226,人工智慧法律與政策,蕭郁溏,5,2|3|4,3,False,False,652815001,法科所,False
1151227,人工智慧與隱私,蕭郁溏,1,D|5|6,3,False,False,652816001,法科所,False
1151228,全球金融科技監理,臧正運,0,,1,False,False,652817001,法科所,False
1151229,民法中心公益服務學習,周伯峰,2,C,1,False,False,652818001,法科所,False
1151230,國際智慧財產權法專題研究（一）,沈宗倫,2,3|4,2,False,False,652819001,法科所,False
1151231,產業與競爭法專題研究,王立達,4,5|6|7,3,False,False,652820001,法科所,False
1151232,數位治理專題：線上服務、平台管制與科技規範,王立達,3,3|4,2,False,False,652821001,法科所,False
1151233,衝突管理與調解學,姜世明,2,C|D,2,False,False,652828001,法科所,False
1151234,社會保險法,張桐銳,3,3|4,2,False,False,652829001,法科所,False
1151235,AI與倫理,陳柏良,3,2|3|4,3,False,False,652831001,法科所,False
1151236,國際租稅法,鍾騏,4,2|3|4,3,False,False,652832001,法科所,False
1151237,英國契約法導論,陳明渝,0,,1,False,True,652834001,法科所,False
1151238,國際人權法,翁燕菁,4,D|5|6,3,False,False,652836001,法科所,False
1151239,公務員法,張桐銳,1,7|8,2,False,False,652871001,法科所,False
1151240,歐盟經貿法,洪德欽,2,3|4,2,False,False,652892001,法科所,False
1151241,家事事件法,姜世明,3,1|2,2,False,False,652905001,法科所,False
1151242,強制執行法與破產法,姜世明,3,C|D,2,False,False,652907001,法科所,False
